buffer_size	n_voices	n_grains	peak_cpu	mean_cpu	stddev_cpu	overruns
256	4	8	0.79	0.70	0.05	0
256	4	16	1.18	1.18	0.00	0
256	4	24	1.72	1.69	0.02	0
256	4	32	2.20	2.19	0.00	0
256	4	40	2.75	2.72	0.02	0
256	4	48	3.23	3.22	0.01	0
256	4	56	3.74	3.74	0.00	0
256	4	64	4.27	4.27	0.00	0
256	4	72	4.80	4.76	0.04	0
256	4	80	5.32	5.29	0.03	0
256	4	88	5.84	5.81	0.04	0
256	4	96	6.38	6.38	0.00	0
256	4	104	6.92	6.91	0.01	0
256	4	112	7.42	7.41	0.01	0
256	4	120	7.95	7.93	0.01	0
256	4	128	10.05	8.76	0.65	0
256	8	8	0.86	0.86	0.00	0
256	8	16	1.36	1.36	0.00	0
256	8	24	1.87	1.87	0.00	0
256	8	32	2.39	2.38	0.01	0
256	8	40	2.89	2.89	0.00	0
256	8	48	3.41	3.40	0.01	0
256	8	56	3.93	3.93	0.00	0
256	8	64	4.44	4.43	0.01	0
256	8	72	11.61	6.81	2.62	0
256	8	80	10.64	6.51	2.06	0
256	8	88	6.04	6.03	0.01	0
256	8	96	6.57	6.55	0.02	0
256	8	104	16.60	9.98	3.73	0
256	8	112	7.63	7.60	0.02	0
256	8	120	16.96	11.01	3.68	0
256	8	128	8.65	8.65	0.00	0
256	12	8	1.05	1.05	0.00	0
256	12	16	1.55	1.55	0.00	0
256	12	24	2.06	2.04	0.02	0
256	12	32	5.99	4.45	1.57	0
256	12	40	7.16	4.07	1.59	0
256	12	48	3.60	3.59	0.00	0
256	12	56	4.12	4.11	0.00	0
256	12	64	10.76	7.51	2.71	0
256	12	72	5.17	5.15	0.02	0
256	12	80	5.69	5.67	0.03	0
256	12	88	6.22	6.20	0.03	0
256	12	96	15.78	9.62	3.49	0
256	12	104	7.30	7.30	0.01	0
256	12	112	16.96	9.63	3.67	0
256	12	120	13.62	9.37	2.12	0
256	12	128	8.86	8.84	0.01	0
256	16	8	1.25	1.24	0.00	0
256	16	16	1.74	1.74	0.00	0
256	16	24	5.25	4.21	1.30	0
256	16	32	6.44	3.69	1.43	0
256	16	40	3.28	3.27	0.00	0
256	16	48	3.79	3.79	0.00	0
256	16	56	4.31	4.30	0.00	0
256	16	64	4.83	4.83	0.00	0
256	16	72	12.50	8.25	2.91	0
256	16	80	5.88	5.88	0.00	0
256	16	88	6.41	6.41	0.00	0
256	16	96	9.93	7.54	1.20	0
256	16	104	17.46	9.78	3.88	0
256	16	112	7.98	7.98	0.00	0
256	16	120	19.91	11.33	4.42	0
256	16	128	9.38	9.09	0.14	0
256	20	8	1.43	1.43	0.00	0
256	20	16	1.96	1.94	0.01	0
256	20	24	2.44	2.44	0.00	0
256	20	32	2.95	2.95	0.00	0
256	20	40	8.08	4.88	1.86	0
256	20	48	9.30	5.46	2.08	0
256	20	56	4.51	4.50	0.01	0
256	20	64	5.02	5.02	0.00	0
256	20	72	5.55	5.54	0.00	0
256	20	80	14.19	8.97	3.16	0
256	20	88	6.60	6.60	0.00	0
256	20	96	14.46	10.03	3.55	0
256	20	104	7.68	7.67	0.01	0
256	20	112	8.17	8.17	0.00	0
256	20	120	18.73	11.58	3.97	0
256	20	128	9.21	9.19	0.03	0
256	24	8	1.62	1.62	0.00	0
256	24	16	4.96	3.13	1.25	0
256	24	24	6.15	4.52	1.60	0
256	24	32	3.15	3.13	0.03	0
256	24	40	3.70	3.64	0.04	0
256	24	48	4.18	4.16	0.02	0
256	24	56	4.69	4.66	0.04	0
256	24	64	12.18	7.73	3.11	0
256	24	72	7.64	6.12	0.76	0
256	24	80	14.64	8.48	3.25	0
256	24	88	10.20	7.47	1.36	0
256	24	96	7.38	7.34	0.02	0
256	24	104	16.82	9.65	3.58	0
256	24	112	13.92	9.47	2.22	0
256	24	120	20.74	11.78	4.59	0
256	24	128	9.50	9.43	0.04	0
256	28	8	1.82	1.82	0.00	0
256	28	16	3.18	2.49	0.34	0
256	28	24	6.60	5.55	1.47	0
256	28	32	3.34	3.33	0.00	0
256	28	40	3.85	3.84	0.00	0
256	28	48	10.19	7.26	2.51	0
256	28	56	4.88	4.88	0.00	0
256	28	64	5.41	5.40	0.00	0
256	28	72	5.93	5.93	0.00	0
256	28	80	15.08	9.35	3.62	0
256	28	88	7.00	6.99	0.01	0
256	28	96	16.69	10.58	3.72	0
256	28	104	14.67	9.51	2.58	0
256	28	112	16.62	10.23	3.19	0
256	28	120	20.55	11.97	4.44	0
256	28	128	9.61	9.61	0.01	0
256	32	8	2.02	2.01	0.01	0
256	32	16	5.85	3.54	1.35	0
256	32	24	7.03	4.88	1.82	0
256	32	32	3.53	3.53	0.00	0
256	32	40	4.04	4.04	0.00	0
256	32	48	10.63	6.08	2.35	0
256	32	56	12.00	6.46	2.77	0
256	32	64	5.60	5.60	0.00	0
256	32	72	6.13	6.12	0.00	0
256	32	80	15.09	9.53	3.65	0
256	32	88	7.18	7.16	0.03	0
256	32	96	15.62	10.57	3.53	0
256	32	104	8.31	8.26	0.02	0
256	32	112	20.44	11.41	4.56	0
256	32	120	10.40	9.53	0.44	0
256	32	128	17.48	12.69	3.56	0
256	36	8	2.20	2.20	0.00	0
256	36	16	2.70	2.70	0.00	0
256	36	24	3.21	3.21	0.00	0
256	36	32	3.72	3.71	0.00	0
256	36	40	9.87	7.13	2.48	0
256	36	48	4.75	4.74	0.00	0
256	36	56	7.69	5.78	0.96	0
256	36	64	13.50	8.17	3.16	0
256	36	72	6.32	6.30	0.02	0
256	36	80	6.84	6.82	0.02	0
256	36	88	16.23	10.27	3.70	0
256	36	96	16.67	10.79	3.69	0
256	36	104	8.44	8.44	0.00	0
256	36	112	8.93	8.91	0.02	0
256	36	120	17.53	12.34	3.59	0
256	36	128	17.82	12.91	3.53	0
256	40	8	2.40	2.39	0.00	0
256	40	16	2.90	2.89	0.00	0
256	40	24	3.40	3.40	0.00	0
256	40	32	3.92	3.91	0.00	0
256	40	40	10.32	6.87	2.82	0
256	40	48	7.20	5.39	0.90	0
256	40	56	12.90	8.37	2.91	0
256	40	64	5.99	5.98	0.00	0
256	40	72	6.50	6.49	0.01	0
256	40	80	7.04	7.02	0.02	0
256	40	88	15.47	10.44	3.56	0
256	40	96	17.81	10.99	3.88	0
256	40	104	8.64	8.62	0.01	0
256	40	112	20.21	12.02	4.30	0
256	40	120	19.51	12.58	3.93	0
256	40	128	10.18	10.18	0.00	0
256	44	8	6.04	4.50	1.59	0
256	44	16	7.22	4.12	1.58	0
256	44	24	3.63	3.61	0.02	0
256	44	32	4.13	4.12	0.00	0
256	44	40	10.82	7.62	2.74	0
256	44	48	6.03	5.34	0.35	0
256	44	56	13.00	8.57	3.55	0
256	44	64	6.19	6.18	0.01	0
256	44	72	15.65	8.57	3.54	0
256	44	80	12.42	8.31	2.06	0
256	44	88	7.93	7.83	0.06	0
256	44	96	16.48	11.39	3.50	0
256	44	104	8.91	8.88	0.02	0
256	44	112	20.55	12.36	4.31	0
256	44	120	22.21	12.79	4.79	0
256	44	128	23.63	13.30	5.19	0
256	48	8	2.80	2.79	0.01	0
256	48	16	3.30	3.30	0.00	0
256	48	24	8.86	6.35	2.28	0
256	48	32	6.00	4.63	0.69	0
256	48	40	4.83	4.80	0.03	0
256	48	48	12.46	8.25	2.98	0
256	48	56	5.87	5.85	0.02	0
256	48	64	14.90	9.29	3.38	0
256	48	72	6.91	6.89	0.02	0
256	48	80	17.16	10.31	3.81	0
256	48	88	18.58	10.10	4.24	0
256	48	96	12.29	9.25	1.52	0
256	48	104	18.26	11.94	3.77	0
256	48	112	22.17	12.42	4.90	0
256	48	120	21.78	12.40	4.69	0
256	48	128	13.34	11.11	1.11	0
256	52	8	6.98	5.88	1.53	0
256	52	16	3.49	3.47	0.03	0
256	52	24	4.00	3.98	0.02	0
256	52	32	5.18	4.64	0.27	0
256	52	40	11.73	7.78	3.23	0
256	52	48	11.10	6.64	2.23	0
256	52	56	13.95	7.83	3.09	0
256	52	64	6.59	6.57	0.01	0
256	52	72	16.58	10.01	3.80	0
256	52	80	17.82	10.55	3.82	0
256	52	88	8.17	8.16	0.01	0
256	52	96	16.12	11.61	3.58	0
256	52	104	17.63	12.13	3.65	0
256	52	112	21.66	12.65	4.62	0
256	52	120	12.00	10.59	0.71	0
256	52	128	23.57	13.32	5.12	0
256	56	8	7.43	5.61	2.00	0
256	56	16	6.01	4.14	0.94	0
256	56	24	4.19	4.18	0.02	0
256	56	32	10.98	7.40	2.90	0
256	56	40	6.22	5.41	0.41	0
256	56	48	10.00	6.58	1.71	0
256	56	56	14.51	8.31	3.20	0
256	56	64	15.42	8.50	3.46	0
256	56	72	13.17	8.47	2.35	0
256	56	80	16.32	10.73	3.66	0
256	56	88	8.45	8.35	0.05	0
256	56	96	20.76	11.79	4.60	0
256	56	104	21.95	12.34	4.87	0
256	56	112	23.17	12.86	5.17	0
256	56	120	24.40	13.37	5.52	0
256	56	128	21.62	13.87	4.16	0
256	60	8	3.38	3.37	0.01	0
256	60	16	3.89	3.88	0.01	0
256	60	24	10.25	7.14	2.63	0
256	60	32	5.76	5.07	0.35	0
256	60	40	5.42	5.40	0.02	0
256	60	48	13.85	8.82	3.61	0
256	60	56	6.44	6.44	0.00	0
256	60	64	16.14	9.89	3.77	0
256	60	72	17.32	10.19	3.85	0
256	60	80	8.97	8.21	0.38	0
256	60	88	16.12	11.48	3.59	0
256	60	96	21.45	12.17	4.68	0
256	60	104	14.00	10.61	1.69	0
256	60	112	20.81	13.49	4.36	0
256	60	120	19.14	12.35	3.40	0
256	60	128	12.25	11.39	0.43	0
256	64	8	8.35	6.29	2.23	0
256	64	16	4.08	4.07	0.00	0
256	64	24	4.68	4.60	0.04	0
256	64	32	11.89	8.01	3.18	0
256	64	40	5.62	5.61	0.01	0
256	64	48	6.12	6.12	0.00	0
256	64	56	12.56	7.86	2.35	0
256	64	64	16.72	10.37	4.07	0
256	64	72	7.69	7.68	0.01	0
256	64	80	15.86	11.15	3.60	0
256	64	88	19.96	10.97	4.49	1
256	64	96	12.81	9.99	1.41	0
256	64	104	22.40	12.77	4.89	0
256	64	112	21.70	13.27	4.40	0
256	64	120	10.84	10.84	0.00	0
256	64	128	20.31	14.31	3.74	0
512	4	8	0.68	0.67	0.00	0
512	4	16	1.17	1.17	0.00	0
512	4	24	1.67	1.67	0.00	0
512	4	32	5.09	4.47	1.14	0
512	4	40	5.98	3.35	1.32	0
512	4	48	3.24	3.22	0.01	0
512	4	56	3.78	3.77	0.01	0
512	4	64	9.79	7.19	2.41	0
512	4	72	4.81	4.79	0.02	0
512	4	80	12.34	8.25	2.95	0
512	4	88	5.92	5.86	0.04	0
512	4	96	14.84	9.30	3.29	0
512	4	104	16.06	9.88	3.52	0
512	4	112	10.36	8.00	1.18	0
512	4	120	18.43	10.26	4.11	0
512	4	128	19.70	11.37	4.25	0
512	8	8	0.87	0.86	0.00	0
512	8	16	1.36	1.36	0.00	0
512	8	24	4.34	3.38	1.17	0
512	8	32	5.53	3.78	1.45	0
512	8	40	2.90	2.88	0.01	0
512	8	48	3.41	3.40	0.01	0
512	8	56	9.13	6.86	2.41	0
512	8	64	4.45	4.43	0.01	0
512	8	72	11.56	7.89	2.68	0
512	8	80	5.66	5.52	0.07	0
512	8	88	14.01	8.94	3.08	0
512	8	96	15.15	8.86	3.37	0
512	8	104	9.98	7.66	1.16	0
512	8	112	17.63	10.50	3.75	0
512	8	120	18.22	11.02	4.01	0
512	8	128	20.05	11.55	4.37	0
512	12	8	1.05	1.05	0.00	0
512	12	16	1.55	1.54	0.00	0
512	12	24	2.06	2.05	0.00	0
512	12	32	5.97	3.72	1.46	0
512	12	40	7.16	4.84	1.91	0
512	12	48	3.62	3.59	0.01	0
512	12	56	9.56	6.47	2.55	0
512	12	64	7.46	5.20	1.13	0
512	12	72	12.00	7.43	2.90	0
512	12	80	8.91	6.33	1.29	0
512	12	88	14.45	9.13	3.55	0
512	12	96	11.06	7.61	1.72	0
512	12	104	16.82	9.32	3.76	0
512	12	112	15.36	10.69	3.61	0
512	12	120	16.93	11.19	3.69	0
512	12	128	17.97	11.71	3.77	0
512	16	8	1.24	1.24	0.00	0
512	16	16	1.92	1.77	0.07	0
512	16	24	2.25	2.25	0.01	0
512	16	32	6.41	4.47	1.65	0
512	16	40	7.61	4.48	1.71	0
512	16	48	3.80	3.78	0.01	0
512	16	56	10.02	7.23	2.35	0
512	16	64	4.85	4.82	0.01	0
512	16	72	12.45	8.27	3.14	0
512	16	80	5.91	5.87	0.02	0
512	16	88	14.89	9.33	3.12	0
512	16	96	14.89	9.86	3.62	0
512	16	104	8.68	7.69	0.50	0
512	16	112	18.42	10.64	4.05	0
512	16	120	19.49	11.38	4.29	0
512	16	128	20.63	11.89	4.53	0
512	20	8	1.43	1.43	0.01	0
512	20	16	1.95	1.94	0.01	0
512	20	24	5.68	4.78	1.27	0
512	20	32	5.87	3.52	1.17	0
512	20	40	3.47	3.45	0.02	0
512	20	48	9.25	6.95	2.37	0
512	20	56	4.52	4.50	0.01	0
512	20	64	11.91	7.64	3.23	0
512	20	72	7.19	5.90	0.65	0
512	20	80	14.11	9.23	3.69	0
512	20	88	11.35	7.73	1.81	0
512	20	96	16.61	9.14	3.74	0
512	20	104	15.16	10.63	3.61	0
512	20	112	18.05	11.12	3.94	0
512	20	120	16.30	11.64	3.62	0
512	20	128	21.40	12.01	4.75	0
512	24	8	2.24	1.74	0.25	0
512	24	16	2.17	2.14	0.02	0
512	24	24	2.69	2.63	0.03	0
512	24	32	7.30	5.49	1.93	0
512	24	40	6.61	4.24	1.19	0
512	24	48	4.19	4.17	0.01	0
512	24	56	10.90	7.63	2.51	0
512	24	64	5.22	5.20	0.01	0
512	24	72	13.33	8.67	3.14	0
512	24	80	14.55	8.65	3.29	0
512	24	88	9.45	7.31	1.07	0
512	24	96	17.03	10.25	3.68	0
512	24	104	17.04	10.77	3.79	0
512	24	112	18.25	11.26	3.96	0
512	24	120	17.65	10.59	3.53	0
512	24	128	15.19	11.54	2.71	0
512	28	8	4.22	3.72	0.94	0
512	28	16	2.31	2.30	0.02	0
512	28	24	2.84	2.81	0.01	0
512	28	32	7.75	4.82	1.89	0
512	28	40	8.94	5.27	2.01	0
512	28	48	4.36	4.34	0.01	0
512	28	56	11.28	7.80	2.73	0
512	28	64	5.39	5.37	0.02	0
512	28	72	13.78	8.84	3.45	0
512	28	80	14.94	9.37	3.68	0
512	28	88	6.98	6.95	0.01	0
512	28	96	16.98	10.41	3.86	0
512	28	104	18.57	10.95	4.01	0
512	28	112	19.85	11.46	4.29	0
512	28	120	17.80	11.99	3.72	0
512	28	128	21.10	12.49	4.48	0
512	32	8	2.00	2.00	0.00	0
512	32	16	2.53	2.51	0.01	0
512	32	24	3.15	3.03	0.06	0
512	32	32	8.18	6.42	2.16	0
512	32	40	4.07	4.03	0.02	0
512	32	48	10.58	7.44	2.66	0
512	32	56	5.11	5.07	0.02	0
512	32	64	13.00	8.52	2.87	0
512	32	72	6.13	6.11	0.02	0
512	32	80	15.45	9.57	3.23	0
512	32	88	16.67	10.09	3.56	0
512	32	96	13.71	8.90	2.41	0
512	32	104	16.92	9.95	3.48	0
512	32	112	16.82	11.62	3.63	0
512	32	120	20.76	12.15	4.47	0
512	32	128	18.14	12.67	3.68	0
512	36	8	2.19	2.19	0.00	0
512	36	16	6.28	5.49	1.41	0
512	36	24	3.90	3.33	0.28	0
512	36	32	3.72	3.69	0.03	0
512	36	40	9.82	7.15	2.47	0
512	36	48	4.74	4.72	0.01	0
512	36	56	12.23	8.18	2.95	0
512	36	64	5.77	5.76	0.00	0
512	36	72	14.67	9.24	3.09	0
512	36	80	14.68	9.73	3.61	0
512	36	88	7.35	7.33	0.01	0
512	36	96	18.36	10.79	4.12	0
512	36	104	17.29	11.32	3.73	0
512	36	112	20.74	11.81	4.56	0
512	36	120	16.92	12.31	3.60	0
512	36	128	18.34	12.83	3.67	0
512	40	8	2.38	2.38	0.00	0
512	40	16	4.70	3.24	0.73	0
512	40	24	7.89	5.94	2.12	0
512	40	32	3.92	3.90	0.01	0
512	40	40	10.27	7.15	2.62	0
512	40	48	5.81	5.10	0.36	0
512	40	56	5.44	5.43	0.00	0
512	40	64	13.83	8.88	3.62	0
512	40	72	14.73	9.41	3.65	0
512	40	80	7.42	7.09	0.16	0
512	40	88	17.69	10.62	3.68	0
512	40	96	18.66	11.16	4.08	0
512	40	104	8.59	8.58	0.01	0
512	40	112	16.92	12.04	3.62	0
512	40	120	21.13	12.56	4.47	0
512	40	128	22.00	13.07	4.60	0
512	44	8	2.57	2.57	0.00	0
512	44	16	3.09	3.08	0.01	0
512	44	24	8.35	6.56	1.76	0
512	44	32	4.08	4.08	0.00	0
512	44	40	4.60	4.60	0.00	0
512	44	48	11.93	8.06	2.96	0
512	44	56	5.64	5.64	0.00	0
512	44	64	14.36	9.10	3.37	0
512	44	72	6.67	6.67	0.00	0
512	44	80	16.80	10.17	3.50	0
512	44	88	7.73	7.71	0.01	0
512	44	96	19.26	11.16	4.30	0
512	44	104	20.47	11.61	4.53	0
512	44	112	21.73	12.18	4.81	0
512	44	120	20.84	12.66	4.33	0
512	44	128	19.51	12.08	3.72	0
512	48	8	6.49	3.88	1.48	0
512	48	16	3.28	3.27	0.02	0
512	48	24	3.78	3.78	0.00	0
512	48	32	4.47	4.31	0.08	0
512	48	40	5.99	5.04	0.48	0
512	48	48	12.15	8.00	3.29	0
512	48	56	13.61	7.69	3.02	0
512	48	64	11.77	7.43	2.17	0
512	48	72	16.05	9.76	3.74	0
512	48	80	7.65	7.43	0.11	0
512	48	88	18.49	10.83	3.95	0
512	48	96	14.74	9.68	2.53	0
512	48	104	17.32	10.67	3.33	0
512	48	112	17.88	12.43	3.67	0
512	48	120	21.47	12.96	4.45	0
512	48	128	22.03	13.47	4.46	0
512	52	8	2.98	2.97	0.00	0
512	52	16	3.67	3.51	0.08	0
512	52	24	3.98	3.98	0.00	0
512	52	32	4.69	4.52	0.09	0
512	52	40	11.67	7.99	2.77	0
512	52	48	6.09	5.85	0.26	0
512	52	56	14.62	9.41	3.62	0
512	52	64	15.33	9.22	3.22	0
512	52	72	10.24	7.95	1.15	0
512	52	80	17.39	10.69	3.86	0
512	52	88	18.98	11.24	3.98	0
512	52	96	18.17	11.78	3.76	0
512	52	104	21.44	12.29	4.64	0
512	52	112	21.36	12.79	4.43	0
512	52	120	23.80	13.30	5.25	0
512	52	128	19.83	13.83	3.69	0
512	56	8	3.23	3.22	0.00	0
512	56	16	8.57	6.64	2.31	0
512	56	24	4.26	4.23	0.03	0
512	56	32	10.93	6.52	2.42	0
512	56	40	11.06	6.43	2.31	0
512	56	48	13.33	8.71	3.10	0
512	56	56	6.36	6.32	0.03	0
512	56	64	15.75	9.74	3.30	0
512	56	72	16.97	10.29	3.51	0
512	56	80	16.15	9.56	3.29	0
512	56	88	14.63	9.70	2.47	0
512	56	96	19.62	11.90	4.13	0
512	56	104	18.60	12.43	3.73	0
512	56	112	20.82	12.93	4.20	0
512	56	120	19.85	13.43	3.79	0
512	56	128	21.19	14.63	3.71	0
512	60	8	7.86	5.64	2.01	0
512	60	16	3.91	3.89	0.01	0
512	60	24	10.20	7.35	2.46	0
512	60	32	4.91	4.90	0.01	0
512	60	40	12.59	8.37	2.70	0
512	60	48	5.98	5.95	0.03	0
512	60	56	14.99	9.39	3.27	0
512	60	64	14.66	9.94	3.55	0
512	60	72	9.55	7.96	0.79	0
512	60	80	18.64	10.59	4.09	0
512	60	88	19.86	11.50	4.24	0
512	60	96	17.39	12.03	3.61	0
512	60	104	21.50	12.56	4.60	0
512	60	112	21.80	13.04	4.52	0
512	60	120	18.97	13.59	3.61	0
512	60	128	24.41	14.12	5.17	0
512	64	8	8.28	6.49	1.77	0
512	64	16	4.07	4.06	0.01	0
512	64	24	10.62	6.30	2.36	0
512	64	32	11.14	6.30	2.42	0
512	64	40	12.98	8.49	3.49	0
512	64	48	6.34	6.18	0.08	0
512	64	56	14.18	9.56	3.56	0
512	64	64	14.75	10.12	3.54	0
512	64	72	10.16	8.19	0.98	0
512	64	80	19.06	10.68	4.22	0
512	64	88	19.81	11.69	4.29	0
512	64	96	18.88	12.21	3.82	0
512	64	104	17.34	12.75	3.55	0
512	64	112	19.18	13.25	3.69	0
512	64	120	24.23	13.77	5.25	0
512	64	128	19.31	14.61	3.37	0
1024	4	8	1.56	1.56	0.00	0
1024	4	16	2.72	2.72	0.00	0
1024	4	24	2.46	1.83	0.31	0
1024	4	32	2.22	2.21	0.00	0
1024	4	40	2.74	2.74	0.00	0
1024	4	48	7.47	6.03	1.80	0
1024	4	56	4.32	3.87	0.23	0
1024	4	64	6.38	4.72	0.83	0
1024	4	72	11.10	7.28	3.07	0
1024	4	80	9.43	6.18	1.62	0
1024	4	88	13.55	7.97	2.99	0
1024	4	96	15.07	9.57	3.15	0
1024	4	104	10.59	7.84	1.38	0
1024	4	112	17.11	9.61	3.77	0
1024	4	120	16.43	10.88	3.63	0
1024	4	128	16.93	11.38	3.62	0
1024	8	8	0.87	0.87	0.00	0
1024	8	16	1.38	1.38	0.00	0
1024	8	24	1.90	1.90	0.00	0
1024	8	32	5.52	4.12	1.42	0
1024	8	40	6.70	4.08	1.55	0
1024	8	48	3.58	3.45	0.07	0
1024	8	56	9.11	6.18	2.42	0
1024	8	64	7.63	5.03	1.30	0
1024	8	72	11.53	6.53	2.55	0
1024	8	80	12.25	6.81	2.72	0
1024	8	88	13.97	8.90	2.99	0
1024	8	96	6.57	6.47	0.05	0
1024	8	104	16.31	9.94	3.83	0
1024	8	112	15.06	10.45	3.58	0
1024	8	120	18.02	10.99	3.96	0
1024	8	128	15.19	9.83	2.68	0
1024	12	8	2.44	2.43	0.00	0
1024	12	16	2.61	1.76	0.43	0
1024	12	24	2.04	2.04	0.00	0
1024	12	32	2.57	2.56	0.01	0
1024	12	40	7.31	4.96	1.90	0
1024	12	48	8.34	4.61	1.87	0
1024	12	56	4.11	4.09	0.01	0
1024	12	64	10.75	6.38	2.41	0
1024	12	72	10.99	6.26	2.36	0
1024	12	80	13.16	8.57	3.59	0
1024	12	88	6.23	6.20	0.02	0
1024	12	96	15.10	9.64	3.66	0
1024	12	104	15.27	10.14	3.62	0
1024	12	112	10.87	8.30	1.29	0
1024	12	120	19.22	10.47	4.38	0
1024	12	128	19.78	11.61	4.33	0
1024	16	8	1.24	1.23	0.00	0
1024	16	16	4.04	2.56	1.02	0
1024	16	24	5.22	4.34	1.19	0
1024	16	32	2.74	2.74	0.00	0
1024	16	40	3.29	3.27	0.01	0
1024	16	48	8.79	6.69	2.08	0
1024	16	56	4.30	4.29	0.01	0
1024	16	64	11.36	7.57	3.05	0
1024	16	72	6.41	5.53	0.44	0
1024	16	80	14.59	8.95	3.75	0
1024	16	88	7.48	6.77	0.42	0
1024	16	96	16.11	9.60	3.65	0
1024	16	104	17.32	10.35	3.72	0
1024	16	112	15.28	10.86	3.60	0
1024	16	120	17.08	10.21	3.44	0
1024	16	128	14.92	10.56	2.36	0
1024	20	8	3.33	3.33	0.00	0
1024	20	16	4.49	2.50	1.00	0
1024	20	24	2.43	2.43	0.00	0
1024	20	32	2.96	2.94	0.01	0
1024	20	40	8.03	6.37	1.82	0
1024	20	48	3.96	3.95	0.01	0
1024	20	56	10.44	6.11	2.33	0
1024	20	64	11.48	6.30	2.59	0
1024	20	72	12.87	8.03	3.15	0
1024	20	80	8.13	6.45	0.84	0
1024	20	88	15.31	9.46	3.38	0
1024	20	96	16.54	9.51	3.67	0
1024	20	104	10.13	8.13	1.00	0
1024	20	112	16.37	10.98	3.66	0
1024	20	120	17.01	11.56	3.65	0
1024	20	128	21.34	12.04	4.70	0
1024	24	8	1.61	1.61	0.00	0
1024	24	16	2.13	2.12	0.01	0
1024	24	24	6.10	5.54	1.12	0
1024	24	32	3.16	3.14	0.01	0
1024	24	40	3.65	3.63	0.01	0
1024	24	48	8.91	5.10	1.91	0
1024	24	56	10.87	6.65	2.55	0
1024	24	64	9.77	6.09	1.84	0
1024	24	72	13.30	7.68	2.96	0
1024	24	80	14.52	9.16	3.19	0
1024	24	88	6.81	6.76	0.03	0
1024	24	96	14.66	10.17	3.62	0
1024	24	104	18.17	10.74	3.92	0
1024	24	112	19.13	11.21	4.20	0
1024	24	120	20.54	11.67	4.57	0
1024	24	128	20.23	11.53	4.35	0
1024	28	8	4.20	2.55	0.98	0
1024	28	16	2.30	2.30	0.00	0
1024	28	24	2.83	2.81	0.02	0
1024	28	32	7.72	6.01	2.10	0
1024	28	40	5.01	4.06	0.48	0
1024	28	48	6.53	4.78	0.88	0
1024	28	56	11.31	7.32	3.07	0
1024	28	64	9.91	6.26	1.82	0
1024	28	72	13.75	7.91	3.04	0
1024	28	80	14.97	9.37	3.15	0
1024	28	88	8.22	7.15	0.54	0
1024	28	96	17.41	10.16	3.85	0
1024	28	104	15.77	10.90	3.61	0
1024	28	112	16.45	11.39	3.62	0
1024	28	120	20.50	11.91	4.45	0
1024	28	128	17.60	12.38	3.64	0
1024	32	8	2.01	1.99	0.01	0
1024	32	16	2.49	2.49	0.00	0
1024	32	24	3.03	3.01	0.01	0
1024	32	32	8.17	5.71	2.10	0
1024	32	40	7.67	4.74	1.47	0
1024	32	48	6.68	4.96	0.86	0
1024	32	56	11.76	7.55	3.09	0
1024	32	64	12.46	6.96	2.75	0
1024	32	72	13.78	7.60	3.09	0
1024	32	80	14.59	9.53	3.62	0
1024	32	88	14.53	8.64	2.94	0
1024	32	96	14.93	9.08	2.93	0
1024	32	104	19.09	11.12	4.16	0
1024	32	112	19.19	11.58	4.14	0
1024	32	120	18.74	12.09	3.87	0
1024	32	128	17.60	12.60	3.62	0
1024	36	8	2.18	2.18	0.00	0
1024	36	16	2.70	2.70	0.01	0
1024	36	24	7.42	6.13	1.56	0
1024	36	32	3.71	3.70	0.00	0
1024	36	40	9.80	5.63	2.17	0
1024	36	48	10.99	6.23	2.44	0
1024	36	56	12.20	6.72	2.75	0
1024	36	64	12.99	7.20	2.90	0
1024	36	72	14.62	9.22	3.28	0
1024	36	80	7.96	7.00	0.48	0
1024	36	88	17.08	10.01	3.81	0
1024	36	96	17.65	10.77	3.94	0
1024	36	104	18.49	11.52	3.93	0
1024	36	112	19.42	12.10	3.97	0
1024	36	120	17.22	12.37	3.58	0
1024	36	128	18.52	12.83	3.69	0
1024	40	8	2.40	2.39	0.01	0
1024	40	16	2.88	2.88	0.00	0
1024	40	24	7.87	5.52	2.02	0
1024	40	32	7.91	4.69	1.61	0
1024	40	40	4.40	4.39	0.00	0
1024	40	48	11.44	7.84	2.95	0
1024	40	56	8.03	5.94	1.05	0
1024	40	64	13.87	8.35	3.19	0
1024	40	72	15.06	9.41	3.21	0
1024	40	80	6.98	6.97	0.01	0
1024	40	88	17.50	10.43	3.99	0
1024	40	96	17.70	10.94	3.92	0
1024	40	104	18.23	11.47	3.92	0
1024	40	112	18.98	11.98	3.96	0
1024	40	120	17.42	12.47	3.62	0
1024	40	128	17.67	12.99	3.61	0
1024	44	8	2.57	2.57	0.00	0
1024	44	16	3.10	3.08	0.01	0
1024	44	24	8.33	6.53	1.85	0
1024	44	32	4.12	4.09	0.03	0
1024	44	40	10.70	6.18	2.36	0
1024	44	48	11.89	6.46	2.72	0
1024	44	56	13.10	8.28	3.31	0
1024	44	64	7.47	6.43	0.52	0
1024	44	72	15.36	9.62	3.71	0
1024	44	80	16.76	10.01	3.85	0
1024	44	88	7.97	7.78	0.10	0
1024	44	96	18.72	11.09	4.14	0
1024	44	104	20.03	11.66	4.38	0
1024	44	112	18.96	12.18	3.95	0
1024	44	120	22.79	12.66	5.10	0
1024	44	128	23.32	13.17	5.12	0
1024	48	8	2.77	2.77	0.00	0
1024	48	16	7.63	6.21	1.63	0
1024	48	24	3.78	3.77	0.00	0
1024	48	32	8.86	5.22	1.82	0
1024	48	40	11.17	6.79	2.63	0
1024	48	48	10.88	6.41	2.24	0
1024	48	56	13.57	7.66	3.00	0
1024	48	64	14.78	9.30	3.11	0
1024	48	72	7.10	6.87	0.11	0
1024	48	80	17.23	10.31	3.88	0
1024	48	88	17.89	10.80	3.99	0
1024	48	96	19.67	11.37	4.38	0
1024	48	104	16.92	11.88	3.58	0
1024	48	112	20.70	12.31	4.42	0
1024	48	120	21.70	12.87	4.56	0
1024	48	128	19.73	13.31	3.85	0
1024	52	8	2.97	2.96	0.01	0
1024	52	16	3.47	3.46	0.00	0
1024	52	24	9.26	6.91	2.10	0
1024	52	32	4.44	4.43	0.01	0
1024	52	40	11.63	7.94	2.91	0
1024	52	48	5.54	5.52	0.02	0
1024	52	56	14.03	8.94	3.45	0
1024	52	64	6.53	6.51	0.01	0
1024	52	72	16.28	10.02	3.78	0
1024	52	80	17.58	10.49	3.69	0
1024	52	88	17.48	9.90	3.79	0
1024	52	96	13.99	9.91	2.07	0
1024	52	104	21.38	11.82	4.82	0
1024	52	112	17.83	12.53	3.68	0
1024	52	120	18.02	13.01	3.64	0
1024	52	128	19.13	13.53	3.70	0
1024	56	8	7.53	6.12	1.57	0
1024	56	16	3.67	3.66	0.01	0
1024	56	24	9.71	5.33	2.19	0
1024	56	32	10.89	6.41	2.45	0
1024	56	40	10.62	6.25	2.18	0
1024	56	48	13.28	7.51	2.96	0
1024	56	56	14.37	9.10	3.15	0
1024	56	64	6.94	6.73	0.12	0
1024	56	72	15.38	10.18	3.65	0
1024	56	80	17.93	10.69	4.01	0
1024	56	88	17.23	11.23	3.73	0
1024	56	96	20.44	11.29	4.59	0
1024	56	104	17.84	11.46	3.29	0
1024	56	112	17.61	12.60	3.48	0
1024	56	120	20.91	13.83	4.43	0
1024	56	128	23.77	14.56	4.84	0
1024	60	8	3.36	3.34	0.01	0
1024	60	16	3.86	3.83	0.01	0
1024	60	24	10.16	7.26	2.50	0
1024	60	32	4.87	4.84	0.04	0
1024	60	40	12.54	8.35	3.33	0
1024	60	48	8.31	6.39	0.96	0
1024	60	56	14.94	8.87	3.37	0
1024	60	64	14.93	9.87	3.64	0
1024	60	72	16.15	9.16	3.49	0
1024	60	80	13.94	9.13	2.41	0
1024	60	88	16.30	11.41	3.66	0
1024	60	96	18.94	11.92	3.96	0
1024	60	104	19.10	12.42	3.90	0
1024	60	112	21.45	12.93	4.46	0
1024	60	120	19.99	13.46	3.85	0
1024	60	128	21.90	14.06	4.24	0
1024	64	8	8.28	5.91	2.11	0
1024	64	16	7.15	4.66	1.25	0
1024	64	24	9.33	5.80	1.77	0
1024	64	32	11.90	7.13	2.73	0
1024	64	40	5.73	5.66	0.04	0
1024	64	48	14.27	9.10	3.27	0
1024	64	56	16.42	10.13	3.85	0
1024	64	64	9.87	8.36	0.77	0
1024	64	72	18.70	10.77	4.03	0
1024	64	80	19.87	11.61	4.17	0
1024	64	88	16.92	12.48	3.36	0
1024	64	96	17.46	12.71	3.84	0
1024	64	104	18.99	12.86	3.71	0
1024	64	112	18.19	13.22	3.54	0
1024	64	120	21.27	13.90	4.01	0
1024	64	128	22.21	14.27	4.27	0
